Workbook

Sheet Scorecard
B2: Merchant Payments Scorecard
B3: Olist marketplace (Brazil), Jan 2017 - Aug 2018, amounts in R$. Pick a month in C4 and the page updates.
B4: Month: | C4: 2018-08
B6: KPI | C6: Selected month | D6: Prior month | E6: Change | F6: Avg of prior 6 months | G6: Vs 6-month avg
B7: GMV (R$) | C7: =INDEX('Monthly Trend'!$D$2:$D$21,MATCH($C$4,'Monthly Trend'!$A$2:$A$21,0)) -> 848860 | D7: =IF(MATCH($C$4,'Monthly Trend'!$A$2:$A$21,0)>1,INDEX('Monthly Trend'!$D$2:$D$21,MATCH($C$4,'Monthly Trend'!$A$2:$A$21,0)-1),"") -> 878044 | E7: =IF(D7="","",IFERROR(C7/D7-1,"")) -> -0.033237514 | F7: =IF(MATCH($C$4,'Monthly Trend'!$A$2:$A$21,0)>6,AVERAGE(OFFSET('Monthly Trend'!$D$2,MATCH($C$4,'Monthly Trend'!$A$2:$A$21,0)-7,0,6,1)),"") -> 924453.5 | G7: =IF(F7="","",IFERROR(C7/F7-1,"")) -> -0.081771014
B8: Orders | C8: =INDEX('Monthly Trend'!$B$2:$B$21,MATCH($C$4,'Monthly Trend'!$A$2:$A$21,0)) -> 6512 | D8: =IF(MATCH($C$4,'Monthly Trend'!$A$2:$A$21,0)>1,INDEX('Monthly Trend'!$B$2:$B$21,MATCH($C$4,'Monthly Trend'!$A$2:$A$21,0)-1),"") -> 6292 | E8: =IF(D8="","",IFERROR(C8/D8-1,"")) -> 0.034965035 | F8: =IF(MATCH($C$4,'Monthly Trend'!$A$2:$A$21,0)>6,AVERAGE(OFFSET('Monthly Trend'!$B$2,MATCH($C$4,'Monthly Trend'!$A$2:$A$21,0)-7,0,6,1)),"") -> 6701.6667 | G8: =IF(F8="","",IFERROR(C8/F8-1,"")) -> -0.028301418
B9: Average order value (R$) | C9: =INDEX('Monthly Trend'!$F$2:$F$21,MATCH($C$4,'Monthly Trend'!$A$2:$A$21,0)) -> 132.2 | D9: =IF(MATCH($C$4,'Monthly Trend'!$A$2:$A$21,0)>1,INDEX('Monthly Trend'!$F$2:$F$21,MATCH($C$4,'Monthly Trend'!$A$2:$A$21,0)-1),"") -> 140.87 | E9: =IF(D9="","",IFERROR(C9/D9-1,"")) -> -0.061546106 | F9: =IF(MATCH($C$4,'Monthly Trend'!$A$2:$A$21,0)>6,AVERAGE(OFFSET('Monthly Trend'!$F$2,MATCH($C$4,'Monthly Trend'!$A$2:$A$21,0)-7,0,6,1)),"") -> 138.93667 | G9: =IF(F9="","",IFERROR(C9/F9-1,"")) -> -0.04848732
B10: Canceled orders % | C10: =INDEX('Monthly Trend'!$C$2:$C$21,MATCH($C$4,'Monthly Trend'!$A$2:$A$21,0)) -> 1.4 | D10: =IF(MATCH($C$4,'Monthly Trend'!$A$2:$A$21,0)>1,INDEX('Monthly Trend'!$C$2:$C$21,MATCH($C$4,'Monthly Trend'!$A$2:$A$21,0)-1),"") -> 0.94 | E10: =IF(D10="","",IFERROR(C10/D10-1,"")) -> 0.4893617 | F10: =IF(MATCH($C$4,'Monthly Trend'!$A$2:$A$21,0)>6,AVERAGE(OFFSET('Monthly Trend'!$C$2,MATCH($C$4,'Monthly Trend'!$A$2:$A$21,0)-7,0,6,1)),"") -> 0.71666667 | G10: =IF(F10="","",IFERROR(C10/F10-1,"")) -> 0.95348837
B11: Active sellers | C11: =INDEX('Monthly Trend'!$G$2:$G$21,MATCH($C$4,'Monthly Trend'!$A$2:$A$21,0)) -> 1266 | D11: =IF(MATCH($C$4,'Monthly Trend'!$A$2:$A$21,0)>1,INDEX('Monthly Trend'!$G$2:$G$21,MATCH($C$4,'Monthly Trend'!$A$2:$A$21,0)-1),"") -> 1245 | E11: =IF(D11="","",IFERROR(C11/D11-1,"")) -> 0.01686747 | F11: =IF(MATCH($C$4,'Monthly Trend'!$A$2:$A$21,0)>6,AVERAGE(OFFSET('Monthly Trend'!$G$2,MATCH($C$4,'Monthly Trend'!$A$2:$A$21,0)-7,0,6,1)),"") -> 1093.6667 | G11: =IF(F11="","",IFERROR(C11/F11-1,"")) -> 0.15757391
B12: New sellers (first sale) | C12: =INDEX('Monthly Trend'!$H$2:$H$21,MATCH($C$4,'Monthly Trend'!$A$2:$A$21,0)) -> 155 | D12: =IF(MATCH($C$4,'Monthly Trend'!$A$2:$A$21,0)>1,INDEX('Monthly Trend'!$H$2:$H$21,MATCH($C$4,'Monthly Trend'!$A$2:$A$21,0)-1),"") -> 190 | E12: =IF(D12="","",IFERROR(C12/D12-1,"")) -> -0.18421053 | F12: =IF(MATCH($C$4,'Monthly Trend'!$A$2:$A$21,0)>6,AVERAGE(OFFSET('Monthly Trend'!$H$2,MATCH($C$4,'Monthly Trend'!$A$2:$A$21,0)-7,0,6,1)),"") -> 164.66667 | G12: =IF(F12="","",IFERROR(C12/F12-1,"")) -> -0.058704453
B13: Last month's sellers who sold again % | C13: =INDEX('Monthly Trend'!$I$2:$I$21,MATCH($C$4,'Monthly Trend'!$A$2:$A$21,0)) -> 72.5 | D13: =IF(MATCH($C$4,'Monthly Trend'!$A$2:$A$21,0)>1,INDEX('Monthly Trend'!$I$2:$I$21,MATCH($C$4,'Monthly Trend'!$A$2:$A$21,0)-1),"") -> 73.1 | E13: =IF(D13="","",IFERROR(C13/D13-1,"")) -> -0.0082079343 | F13: =IF(MATCH($C$4,'Monthly Trend'!$A$2:$A$21,0)>6,AVERAGE(OFFSET('Monthly Trend'!$I$2,MATCH($C$4,'Monthly Trend'!$A$2:$A$21,0)-7,0,6,1)),"") -> 74.383333 | G13: =IF(F13="","",IFERROR(C13/F13-1,"")) -> -0.025319292
B14: GMV per active seller (R$) | C14: =INDEX('Monthly Trend'!$J$2:$J$21,MATCH($C$4,'Monthly Trend'!$A$2:$A$21,0)) -> 671 | D14: =IF(MATCH($C$4,'Monthly Trend'!$A$2:$A$21,0)>1,INDEX('Monthly Trend'!$J$2:$J$21,MATCH($C$4,'Monthly Trend'!$A$2:$A$21,0)-1),"") -> 705 | E14: =IF(D14="","",IFERROR(C14/D14-1,"")) -> -0.04822695 | F14: =IF(MATCH($C$4,'Monthly Trend'!$A$2:$A$21,0)>6,AVERAGE(OFFSET('Monthly Trend'!$J$2,MATCH($C$4,'Monthly Trend'!$A$2:$A$21,0)-7,0,6,1)),"") -> 852.83333 | G14: =IF(F14="","",IFERROR(C14/F14-1,"")) -> -0.21321087
B15: Paid by credit card % (of value) | C15: =INDEX('Monthly Trend'!$K$2:$K$21,MATCH($C$4,'Monthly Trend'!$A$2:$A$21,0)) -> 79.4 | D15: =IF(MATCH($C$4,'Monthly Trend'!$A$2:$A$21,0)>1,INDEX('Monthly Trend'!$K$2:$K$21,MATCH($C$4,'Monthly Trend'!$A$2:$A$21,0)-1),"") -> 75.5 | E15: =IF(D15="","",IFERROR(C15/D15-1,"")) -> 0.051655629 | F15: =IF(MATCH($C$4,'Monthly Trend'!$A$2:$A$21,0)>6,AVERAGE(OFFSET('Monthly Trend'!$K$2,MATCH($C$4,'Monthly Trend'!$A$2:$A$21,0)-7,0,6,1)),"") -> 79.1 | G15: =IF(F15="","",IFERROR(C15/F15-1,"")) -> 0.0037926675
B16: Average card installments | C16: =INDEX('Monthly Trend'!$L$2:$L$21,MATCH($C$4,'Monthly Trend'!$A$2:$A$21,0)) -> 3.36 | D16: =IF(MATCH($C$4,'Monthly Trend'!$A$2:$A$21,0)>1,INDEX('Monthly Trend'!$L$2:$L$21,MATCH($C$4,'Monthly Trend'!$A$2:$A$21,0)-1),"") -> 3.37 | E16: =IF(D16="","",IFERROR(C16/D16-1,"")) -> -0.0029673591 | F16: =IF(MATCH($C$4,'Monthly Trend'!$A$2:$A$21,0)>6,AVERAGE(OFFSET('Monthly Trend'!$L$2,MATCH($C$4,'Monthly Trend'!$A$2:$A$21,0)-7,0,6,1)),"") -> 3.3516667 | G16: =IF(F16="","",IFERROR(C16/F16-1,"")) -> 0.0024863252
B17: Seller shipped on time % | C17: =INDEX('Monthly Trend'!$M$2:$M$21,MATCH($C$4,'Monthly Trend'!$A$2:$A$21,0)) -> 90.8 | D17: =IF(MATCH($C$4,'Monthly Trend'!$A$2:$A$21,0)>1,INDEX('Monthly Trend'!$M$2:$M$21,MATCH($C$4,'Monthly Trend'!$A$2:$A$21,0)-1),"") -> 91.1 | E17: =IF(D17="","",IFERROR(C17/D17-1,"")) -> -0.0032930845 | F17: =IF(MATCH($C$4,'Monthly Trend'!$A$2:$A$21,0)>6,AVERAGE(OFFSET('Monthly Trend'!$M$2,MATCH($C$4,'Monthly Trend'!$A$2:$A$21,0)-7,0,6,1)),"") -> 91.816667 | G17: =IF(F17="","",IFERROR(C17/F17-1,"")) -> -0.01107279
B18: Delivered on time % | C18: =INDEX('Monthly Trend'!$N$2:$N$21,MATCH($C$4,'Monthly Trend'!$A$2:$A$21,0)) -> 93.8 | D18: =IF(MATCH($C$4,'Monthly Trend'!$A$2:$A$21,0)>1,INDEX('Monthly Trend'!$N$2:$N$21,MATCH($C$4,'Monthly Trend'!$A$2:$A$21,0)-1),"") -> 96.6 | E18: =IF(D18="","",IFERROR(C18/D18-1,"")) -> -0.028985507 | F18: =IF(MATCH($C$4,'Monthly Trend'!$A$2:$A$21,0)>6,AVERAGE(OFFSET('Monthly Trend'!$N$2,MATCH($C$4,'Monthly Trend'!$A$2:$A$21,0)-7,0,6,1)),"") -> 91.866667 | G18: =IF(F18="","",IFERROR(C18/F18-1,"")) -> 0.021044993
B19: Average delivery days | C19: =INDEX('Monthly Trend'!$O$2:$O$21,MATCH($C$4,'Monthly Trend'!$A$2:$A$21,0)) -> 7.7 | D19: =IF(MATCH($C$4,'Monthly Trend'!$A$2:$A$21,0)>1,INDEX('Monthly Trend'!$O$2:$O$21,MATCH($C$4,'Monthly Trend'!$A$2:$A$21,0)-1),"") -> 9 | E19: =IF(D19="","",IFERROR(C19/D19-1,"")) -> -0.14444444 | F19: =IF(MATCH($C$4,'Monthly Trend'!$A$2:$A$21,0)>6,AVERAGE(OFFSET('Monthly Trend'!$O$2,MATCH($C$4,'Monthly Trend'!$A$2:$A$21,0)-7,0,6,1)),"") -> 12.383333 | G19: =IF(F19="","",IFERROR(C19/F19-1,"")) -> -0.3781965
B20: Average review score (1-5) | C20: =INDEX('Monthly Trend'!$P$2:$P$21,MATCH($C$4,'Monthly Trend'!$A$2:$A$21,0)) -> 4.26 | D20: =IF(MATCH($C$4,'Monthly Trend'!$A$2:$A$21,0)>1,INDEX('Monthly Trend'!$P$2:$P$21,MATCH($C$4,'Monthly Trend'!$A$2:$A$21,0)-1),"") -> 4.26 | E20: =IF(D20="","",IFERROR(C20/D20-1,"")) -> 0 | F20: =IF(MATCH($C$4,'Monthly Trend'!$A$2:$A$21,0)>6,AVERAGE(OFFSET('Monthly Trend'!$P$2,MATCH($C$4,'Monthly Trend'!$A$2:$A$21,0)-7,0,6,1)),"") -> 4.0783333 | G20: =IF(F20="","",IFERROR(C20/F20-1,"")) -> 0.04454434
B21: 1-2 star reviews % | C21: =INDEX('Monthly Trend'!$Q$2:$Q$21,MATCH($C$4,'Monthly Trend'!$A$2:$A$21,0)) -> 10.9 | D21: =IF(MATCH($C$4,'Monthly Trend'!$A$2:$A$21,0)>1,INDEX('Monthly Trend'!$Q$2:$Q$21,MATCH($C$4,'Monthly Trend'!$A$2:$A$21,0)-1),"") -> 11.1 | E21: =IF(D21="","",IFERROR(C21/D21-1,"")) -> -0.018018018 | F21: =IF(MATCH($C$4,'Monthly Trend'!$A$2:$A$21,0)>6,AVERAGE(OFFSET('Monthly Trend'!$Q$2,MATCH($C$4,'Monthly Trend'!$A$2:$A$21,0)-7,0,6,1)),"") -> 15.083333 | G21: =IF(F21="","",IFERROR(C21/F21-1,"")) -> -0.27734807
B23: Green = better for the business, red = worse, no colour = mix metric. Definitions are on the 'Definitions' sheet.

Sheet Monthly Trend
A1: Month | B1: Orders | C1: Canceled orders % | D1: GMV (R$) | E1: GMV MoM % | F1: Average order value (R$) | G1: Active sellers | H1: New sellers (first sale) | I1: Last month's sellers who sold again % | J1: GMV per active seller (R$) | K1: Paid by credit card % (of value) | L1: Average card installments | M1: Seller shipped on time % | N1: Delivered on time % | O1: Average delivery days | P1: Average review score (1-5) | Q1: 1-2 star reviews %
A2: 2017-01 | B2: 800 | C2: 1.63 | D2: 120098 | F2: 152.6 | G2: 226 | H2: 151 | J2: 531 | K2: 78.8 | L2: 3.85 | M2: 77.5 | N2: 97.1 | O2: 12.6 | P2: 4.06 | Q2: 15.6
A3: 2017-02 | B3: 1780 | C3: 3.48 | D3: 244959 | E3: 104 | F3: 142.58 | G3: 425 | H3: 228 | I3: 75.7 | J3: 576 | K3: 77.8 | L3: 3.47 | M3: 82.2 | N3: 97 | O3: 13.2 | P3: 4.02 | Q3: 16.2
A4: 2017-03 | B4: 2682 | C4: 2.42 | D4: 368341 | E4: 50.4 | F4: 140.75 | G4: 490 | H4: 173 | I4: 69.2 | J4: 752 | K4: 78.5 | L4: 3.69 | M4: 93.2 | N4: 95.4 | O4: 13 | P4: 4.07 | Q4: 14.2
A5: 2017-04 | B5: 2404 | C5: 1.12 | D5: 353843 | E5: -3.9 | F5: 148.86 | G5: 503 | H5: 116 | I5: 70.6 | J5: 703 | K5: 77.6 | L5: 3.9 | M5: 92.7 | N5: 93.4 | O5: 14.9 | P5: 4.04 | Q5: 15.5
A6: 2017-05 | B6: 3700 | C6: 1.62 | D6: 503159 | E6: 42.2 | F6: 138.23 | G6: 577 | H6: 124 | I6: 74.6 | J6: 872 | K6: 74.8 | L6: 4.16 | M6: 92.7 | N6: 97 | O6: 11.3 | P6: 4.14 | Q6: 12.8
A7: 2017-06 | B7: 3245 | C7: 1.23 | D7: 429917 | E7: -14.6 | F7: 134.14 | G7: 534 | H7: 76 | I7: 67.4 | J7: 805 | K7: 75.5 | L7: 4.06 | M7: 92 | N7: 97 | O7: 12 | P7: 4.15 | Q7: 12.7
A8: 2017-07 | B8: 4026 | C8: 1.99 | D8: 492287 | E8: 14.5 | F8: 124.76 | G8: 602 | H8: 115 | I8: 74 | J8: 818 | K8: 76.7 | L8: 4.05 | M8: 92.2 | N8: 97.2 | O8: 11.6 | P8: 4.18 | Q8: 12.2
A9: 2017-08 | B9: 4331 | C9: 1.36 | D9: 568246 | E9: 15.4 | F9: 133.02 | G9: 700 | H9: 129 | I9: 79.2 | J9: 812 | K9: 77.5 | L9: 3.9 | M9: 93.2 | N9: 97.1 | O9: 11.1 | P9: 4.24 | Q9: 11.4
A10: 2017-09 | B10: 4285 | C10: 1.35 | D10: 621416 | E10: 9.4 | F10: 147.01 | G10: 726 | H10: 127 | I10: 73.1 | J10: 856 | K10: 79 | L10: 3.78 | M10: 92.8 | N10: 95.6 | O10: 11.9 | P10: 4.19 | Q10: 12.4
A11: 2017-10 | B11: 4631 | C11: 1.81 | D11: 660180 | E11: 6.2 | F11: 145.19 | G11: 773 | H11: 147 | I11: 73.1 | J11: 854 | K11: 78.9 | L11: 3.62 | M11: 92.2 | N11: 95.8 | O11: 11.9 | P11: 4.12 | Q11: 13.2
A12: 2017-11 | B12: 7544 | C12: 1.6 | D12: 1003862 | E12: 52.1 | F12: 135.27 | G12: 960 | H12: 190 | I12: 78.8 | J12: 1046 | K12: 79.1 | L12: 3.74 | M12: 87.1 | N12: 87.6 | O12: 15.2 | P12: 3.91 | Q12: 18.8
A13: 2017-12 | B13: 5673 | C13: 0.93 | D13: 742184 | E13: -26.1 | F13: 132.11 | G13: 859 | H13: 90 | I13: 69.6 | J13: 864 | K13: 77.8 | L13: 3.56 | M13: 89.1 | N13: 92.5 | O13: 15.4 | P13: 4.02 | Q13: 16.4
A14: 2018-01 | B14: 7269 | C14: 1.13 | D14: 945456 | E14: 27.4 | F14: 131.55 | G14: 968 | H14: 141 | I14: 76.4 | J14: 977 | K14: 77.9 | L14: 3.27 | M14: 89.8 | N14: 94.3 | O14: 14.1 | P14: 4.04 | Q14: 15.5
... A21: 2018-08 | B21: 6512 | C21: 1.4 | D21: 848860 | E21: -3.3 | F21: 132.2 | G21: 1266 | H21: 155 | I21: 72.5 | J21: 671 | K21: 79.4 | L21: 3.36 | M21: 90.8 | N21: 93.8 | O21: 7.7 | P21: 4.26 | Q21: 10.9

Sheet Payment Methods
A1: Payment method | B1: Orders | C1: Order share pct | D1: Value share pct | E1: Avg amount paid | F1: Median hours to approve | G1: Canceled pct | H1: Avg review score
A2: credit_card | B2: 73889 | C2: 75.5 | D2: 78.5 | E2: 166.59 | F2: 0.3 | G2: 1.11 | H2: 4.09
A3: boleto | B3: 19479 | C3: 19.9 | D3: 18 | E3: 144.65 | F3: 29.1 | G3: 1.23 | H3: 4.09
A4: voucher | B4: 3028 | C4: 3.1 | D4: 2.2 | E4: 114.93 | F4: 0.3 | G4: 3.04 | H4: 4.02
A5: debit_card | B5: 1512 | C5: 1.5 | D5: 1.4 | E5: 140.29 | F5: 0.8 | G5: 0.85 | H5: 4.17

Sheet Card Installments
A1: Installment plan | B1: Orders | C1: Order share pct | D1: Value share pct | E1: Avg amount paid
A2: 1) Paid in full | B2: 23676 | C2: 32 | D2: 19.4 | E2: 100.83
A3: 2) 2-3 installments | B3: 22345 | C3: 30.2 | D3: 24.6 | E3: 135.32
A4: 3) 4-6 installments | B4: 15920 | C4: 21.5 | D4: 23.6 | E4: 182.19
A5: 4) 7-10 installments | B5: 11612 | C5: 15.7 | D5: 31.5 | E5: 333.8
A6: 5) 11+ installments | B6: 336 | C6: 0.5 | D6: 1 | E6: 362.25

Sheet Seller Funnel
A1: Lead channel | B1: Leads | C1: Signed sellers | D1: Lead to signed pct | E1: Median days to close | F1: Signed with first sale pct | G1: Gmv per signed seller
A2: organic_search | B2: 2296 | C2: 271 | D2: 11.8 | E2: 14.5 | F2: 48.5 | G2: 764
A3: paid_search | B3: 1586 | C3: 195 | D3: 12.3 | E3: 15 | F3: 59.6 | G3: 784
A4: social | B4: 1350 | C4: 75 | D4: 5.6 | E4: 30 | F4: 47.6 | G4: 579
A5: unknown | B5: 1159 | C5: 193 | D5: 16.7 | E5: 11 | F5: 47.4 | G5: 1113
A6: direct_traffic | B6: 499 | C6: 56 | D6: 11.2 | E6: 10 | F6: 58.5 | G6: 391
A7: email | B7: 493 | C7: 15 | D7: 3 | E7: 21 | F7: 46.2 | G7: 566
A8: referral | B8: 284 | C8: 24 | D8: 8.5 | E8: 18.5 | F8: 47.4 | G8: 745
A9: other | B9: 150 | C9: 4 | D9: 2.7 | E9: 9 | F9: 50 | G9: 1722
A10: display | B10: 118 | C10: 6 | D10: 5.1 | E10: 8.5 | F10: 33.3 | G10: 154
A11: other_publicities | B11: 65 | C11: 3 | D11: 4.6 | E11: 35 | F11: 0 | G11: 0

Sheet Seller Activation
A1: Seller type | B1: Signed sellers | C1: With first sale pct | D1: Avg days to first sale | E1: Gmv per signed seller
A2: online_medium | B2: 286 | C2: 58.4 | D2: 57 | E2: 704
A3: online_big | B3: 108 | C3: 69.4 | D3: 45 | E3: 2680
A4: industry | B4: 107 | C4: 35.5 | D4: 54 | E4: 263
A5: offline | B5: 90 | C5: 33.3 | D5: 67 | E5: 216
A6: online_small | B6: 65 | C6: 43.1 | D6: 51 | E6: 807
A7: online_beginner | B7: 47 | C7: 44.7 | D7: 43 | E7: 475
A8: online_top | B8: 14 | C8: 42.9 | D8: 27 | E8: 585

Sheet Seller Concentration
A1: Seller decile | B1: Sellers | C1: Gmv | D1: Gmv share pct | E1: Cumulative share pct
A2: 1 | B2: 303 | C2: 9061964 | D2: 67.4 | E2: 67.4
A3: 2 | B3: 303 | C3: 2035079 | D3: 15.1 | E3: 82.5
A4: 3 | B4: 303 | C4: 1029567 | D4: 7.7 | E4: 90.2
A5: 4 | B5: 303 | C5: 554331 | D5: 4.1 | E5: 94.3
A6: 5 | B6: 303 | C6: 328561 | D6: 2.4 | E6: 96.7
A7: 6 | B7: 303 | C7: 203244 | D7: 1.5 | E7: 98.2
A8: 7 | B8: 303 | C8: 118438 | D8: 0.9 | E8: 99.1
A9: 8 | B9: 303 | C9: 67783 | D9: 0.5 | E9: 99.6
A10: 9 | B10: 303 | C10: 36741 | D10: 0.3 | E10: 99.9
A11: 10 | B11: 302 | C11: 13820 | D11: 0.1 | E11: 100

Sheet Delivery vs Reviews
A1: Delivery | B1: Orders | C1: Share pct | D1: Avg review score | E1: Low review pct
A2: 1) On time | B2: 89672 | C2: 93.2 | D2: 4.29 | E2: 9.2
A3: 2) 1-3 days late | B3: 1869 | C3: 1.9 | D3: 3.29 | E3: 32.1
A4: 3) 4-7 days late | B4: 1802 | C4: 1.9 | D4: 2.1 | E4: 67.7
A5: 4) 8+ days late | B5: 2860 | C5: 3 | D5: 1.7 | E5: 79.3

Sheet Late Delivery Cause
A1: Seller handoff | B1: Delivered orders | C1: Late delivery pct | D1: Avg review score
A2: Seller shipped on time | B2: 87610 | C2: 5.4 | D2: 4.2
A3: Seller shipped late | B3: 8592 | C3: 21.1 | D3: 3.7

Sheet Categories
A1: Category | B1: Gmv | C1: Gmv share pct | D1: Orders | E1: Sellers | F1: Avg item price | G1: Delivered on time pct | H1: Avg review score
A2: health_beauty | B2: 1251146 | C2: 9.3 | D2: 8757 | E2: 485 | F2: 130.53 | G2: 92.5 | H2: 4.19
A3: watches_gifts | B3: 1194825 | C3: 8.9 | D3: 5599 | E3: 98 | F3: 200.31 | G3: 92.6 | H3: 4.07
A4: bed_bath_table | B4: 1035485 | C4: 7.7 | D4: 9394 | E4: 194 | F4: 93.38 | G4: 92.6 | H4: 3.97
A5: sports_leisure | B5: 977729 | C5: 7.3 | D5: 7656 | E5: 474 | F5: 114.05 | G5: 93.4 | H5: 4.18
A6: computers_accessories | B6: 902923 | C6: 6.7 | D6: 6636 | E6: 284 | F6: 116.36 | G6: 93.6 | H6: 4.04
A7: furniture_decor | B7: 721584 | C7: 5.4 | D7: 6373 | E7: 356 | F7: 87.69 | G7: 92.8 | H7: 4.02
A8: housewares | B8: 625539 | C8: 4.7 | D8: 5838 | E8: 462 | F8: 90.62 | G8: 94.6 | H8: 4.16
A9: cool_stuff | B9: 619724 | C9: 4.6 | D9: 3609 | E9: 260 | F9: 164.3 | G9: 94.1 | H9: 4.18
A10: auto | B10: 585177 | C10: 4.4 | D10: 3863 | E10: 370 | F10: 139.49 | G10: 92.7 | H10: 4.11
A11: garden_tools | B11: 479650 | C11: 3.6 | D11: 3500 | E11: 235 | F11: 110.95 | G11: 93.5 | H11: 4.14

Sheet States
A1: Customer state | B1: Delivered orders | C1: Avg delivery days | D1: Delivered on time pct | E1: Avg review score
A2: SP | B2: 40399 | C2: 8.7 | D2: 95.5 | E2: 4.25
A3: RJ | B3: 12310 | C3: 15.3 | D3: 87.9 | E3: 3.97
A4: MG | B4: 11319 | C4: 12 | D4: 95.4 | E4: 4.19
A5: RS | B5: 5327 | C5: 15.3 | D5: 93.9 | E5: 4.19
A6: PR | B6: 4903 | C6: 12 | D6: 95.9 | E6: 4.24
A7: SC | B7: 3537 | C7: 14.9 | D7: 91.8 | E7: 4.13
A8: BA | B8: 3253 | C8: 19.3 | D8: 87.8 | E8: 3.93
A9: DF | B9: 2074 | C9: 12.9 | D9: 94.3 | E9: 4.13
A10: ES | B10: 1992 | C10: 15.8 | D10: 89.3 | E10: 4.08
A11: GO | B11: 1950 | C11: 15.6 | D11: 93.4 | E11: 4.1

Sheet Data Quality
A1: Check name | B1: Failing rows | C1: Action
A2: Orders in partial months (outside Jan 2017 - Aug 2018) | B2: 349 | C2: Excluded from monthly trends
A3: Orders with no items | B3: 775 | C3: Excluded from sales metrics (mostly canceled)
A4: Orders with no payment record | B4: 1 | C4: Excluded from payment metrics
A5: Amount paid differs from items + freight | B5: 249 | C5: Kept; sales use item prices, payments use amount paid
A6: Payment rows: undefined type, R$0 or 0 installments | B6: 11 | C6: Excluded from payment-method metrics
A7: Extra review rows for the same order | B7: 551 | C7: Keep the latest review per order
A8: Delivered orders missing delivery date | B8: 8 | C8: Excluded from delivery metrics
A9: Handed to carrier before payment approved | B9: 1359 | C9: Kept; timestamps come from different systems
A10: Products with no category | B10: 610 | C10: Reported as "unknown"
A11: Categories missing an English name | B11: 2 | C11: Translated in the clean table
A12: Seller leads with no origin channel | B12: 60 | C12: Reported as "unknown"
A13: Closed deals with no matching lead | B13: 0 | C13: Investigate if > 0
A14: Deals won before first contact | B14: 1 | C14: Excluded from days-to-close

Sheet Definitions
A1: Metric | B1: Definition
A2: GMV | B2: Gross merchandise value: item prices of orders that weren't canceled (freight excluded).
A3: Orders | B3: All orders placed in the month, including canceled ones.
A4: Canceled orders | B4: Orders with status 'canceled' or 'unavailable'.
A5: Average order value | B5: GMV / orders with items that weren't canceled.
A6: Active seller | B6: A seller with at least one item sold (not canceled) in the month.
A7: New seller | B7: A seller whose first-ever sale falls in the month.
A8: Seller retention | B8: Share of last month's active sellers who also sold this month.
A9: Main payment method | B9: The method that paid the largest part of the order.
A10: Hours to approve | B10: Hours from purchase to payment approval (median).
A11: Seller shipped on time | B11: Parcel handed to the carrier by the seller's shipping deadline.
A12: Delivered on time | B12: Delivered on or before the estimated delivery date shown to the customer.
... A15: Signed with first sale | B15: Signed sellers (won by 30 Jun 2018) who made at least one sale in the data.
